1672507269,53314549
94673432,74502476
-1732855483,536
-1868416421,81942208
-889653912,74502476
1065083214,51948810
-77112881,74502476
1262145299,709
150951677,1111074872
-1112666504,1095268822
1173499030,9686135
-1124112211,81942208
1152836471,9708793
-1140594996,674124
-1267822736,74502476
906242590,674124
1527615326,74502476
-226777339,67801450
1742036648,9686135
624320247,978702
1721374089,9708793
-2049985107,536
1429526679,9850951
-1032882993,1111074872
-971698487,978702
-1021639072,74502476
2145836891,610267844
1111852279,40175717
-1838934600,3261133
140400291,74077633
-727347341,639306245
-105798576,71602331
1094231560,24522321
-677936565,610267844
1598435852,124738437
-782570429,29583335
-898759133,24524095
-1085642655,74077633
-540346810,117902563
1576186038,1012306538
-1618074816,639190551
-1983095230,57154582
618877421,29583335
1600086285,53914616
-131265408,22411518
1942852298,124732789
1832811521,117910606
145205955,562929106
-1373261566,328929091
-288449395,1577196271
-563391489,117910606
1837130443,1658828163
-1136657453,1247506020
-2033316954,522257774
-1032753605,1577196271
-778734170,124732789
666826522,73650086
-1892559286,24522321
-1153140392,117902563
1176911042,22411518
517717072,1280851730
-1815081024,105742867
-1920929210,82687056
1142083493,82675519
665924858,3261133
2081420866,74281028
-1478859592,447114673
-479998679,20134710
-121532563,639248397
951219329,77006062
738430336,57154582
1607464653,1280873475
-2066818813,77006062
-1553835567,102002575
-1382727730,71602331
-895420740,562929106
-1162827637,53914616
1022941444,328929091
16238567,20134710
-1394637846,124738437
34200447,22414765
-1598454846,639190551
519587807,639132708
1243062618,117902563
550281004,124732789
-1420657821,1664893312
-714270510,639190551
585010750,562929106
-506904574,105742867
409417317,24524095
-756680793,82675519
-582731575,610267844
-1007528933,22410734
49402093,93359741
475273800,82687056
1661643405,22410734
-746967311,639306245
1205304825,1658828163
-141152533,639248397
-946308401,40175717
499967837,639132708
-1890797431,117894520
82411123,639074866
102031093,639074866
178742982,124738437
1197717177,624089741
-1273976003,22414765
1982766224,20134710
-1326827883,1247506020
-1795351274,15382985
-1729376488,73650086
-159672479,1664893312
-905369980,74281028
-1615215276,102002575
-1976749937,445
-1930180304,64395634
194091749,929520697
-162941097,1212846
-464240044,64395634
1584961098,12898507
921241838,267813
-1604069739,76498617
-130084309,445
1400206493,45382431
1791775463,64395634
740863209,1212846
-989742921,929520697
-695363456,64395634
1839574646,64395634
-775036269,64395634
-1777706724,267813
-2046746685,845349912
-1761535717,12497642
209196389,325706301
231454976,12496738
-1571472797,15078039
-20857363,325706301
-309443806,37532576
46671116,167624464
-1768146564,37854109
-1003989933,310996574
-1957381327,130973482
-685687841,71041491
-1908846264,325735779
1919820151,27650938
1853469321,39242804
-1233111872,27815903
-430393493,848440765
798607296,1661895
629507689,310996574
341661471,19550830
-208360325,325676825
1819783523,310996574
-1164568821,39242804
-1246756004,51981194
-1474357080,19550830
-1796399496,29126357
-1239178965,845349912
-453359267,12497642
-222957766,29126357
-188740355,325676825
-908784943,310996574
1483667951,130973482
1218644282,37854109
1589320480,37532576
-154575775,19550830
-263296347,15078039
228816359,325706301
109523145,51981194
1693269245,803821567
1427899537,60079836
329772821,27475248
-2143020635,27650938
1488413694,27815903
1459707967,803821567
-1889226294,325735779
1293920929,27758584
-1112474201,325706301
796451416,36489027
-1432566912,325706301
1861826195,27475248
-1417059540,27758584
1443701778,1661895
591241313,71041491
-1473178510,325706301
-926868235,47576748
-431923981,325765258
367406400,325706301
830591849,848440765
-412304011,325765258
1539631426,12496738
1580139144,43612553
256790571,43612553
1613227767,658631258
-1473001755,658631258
1794805615,172
664998167,865817
-1370452666,43612553
73126979,48077850
-1937127564,43612553
1470144829,172
1581108331,172
1539476847,43612553
470328623,31178729
220201193,865817
-1063927474,18678599
1952876969,13814439
-244036747,19529718
2145285463,324845824
1502745140,162106863
-1895934448,18838614
2122979190,13814439
-1315299873,162121534
1976159573,420699941
1716983490,18159263
823150647,19529718
1369629927,154771696
-397717741,162092193
1807532507,20967564
1922863372,18678599
1452230327,7503792
-1039809196,6219173
345845516,26817737
1258379329,13673433
-1497469042,26817737
-674179503,162092193
499356057,20967564
1497402350,13814439
-52619890,18838614
-1176915523,154771696
1262167407,6219622
-391084231,7503792
-1091736217,162077524
-1038838111,162121534
-581147151,6219622
714851107,23677219
-472050092,13842964
1779206902,162106863
1835786188,14495129
123030316,33779728
-2015989002,83420606
1411843542,6219173
-90537822,827064
715289261,154771696
-1936719969,33779728
1138122135,422238146
1055537882,324840310
-676621209,420699941
825632082,13842964
-634760581,29899551
538104014,14495129
1651634517,422238146
211628927,154771696
-815274455,162077524
-1969078424,1
-429036819,1
812592387,1
1748789452,910
-735805259,41
221671893,40
-1222706322,1
-1821207622,1
-1435537323,1
1195884520,1
782371043,41
-1594618100,1
1643385808,6
1739848195,40
1439770302,1925917429
-846867810,780658097
2125179675,152318347
-174524667,89934263
1657177186,2025598340
-972537723,61045497
1966770817,152318347
1959595697,1466369
-161033533,61045497
-208124834,780658097
2014988977,61039972
2055296336,780375560
2036048819,152311451
1747533472,780375560
1380836207,124555542
-793563741,62516445
634289724,3566379
1251798544,114001761
-5580947,61039972
1452586056,36124268
-120305158,11261230
-2009775786,29946420
-1504881824,1435014
-96859101,152318347
1308242043,29944254
-738141488,3566379
1223545674,1437334
698654324,1435014
-1038671406,745199249
-157313477,7034542
-1673913656,1925917429
979799662,724943
-415422493,62516445
836747210,780446190
-73223404,90456342
17463660,745199249
-518286559,6940523
841291753,637729983
-1226491730,114001761
224940397,61045497
-660777042,2342201
198004234,780446190
1595419325,61039972
-1704218117,152311451
251780359,61045497
1009293665,152311451
505767098,780446190
-1618066189,27366748
18826323,45819320
-1475792660,2342201
-76358786,11261230
1233972825,7034542
-1301441325,152318347
-1464737604,2025598340
-2075968724,724943
1439966739,61045497
-590647746,2033004456
-1523649624,1437334
-190276435,780516824
-83241450,2033004456
584923376,27370713
1237420815,6940523
884723262,3982175
513336060,2025598340
1862440642,124555542
953745826,14638
-1552686054,114001761
-1145013949,152311451
911759734,745199249
1493484284,86748903
388000297,473908
-1705358902,63474337
278716345,31106378
1588765861,397756592
-359982780,1817450
-1208976107,397720597
-202745091,59132
2028800494,1036032665
-1040539984,397720597
-1266870426,2029343
-332697483,31106378
205716248,58096059
-1003414526,86748903
-2080251813,397720597
1868936133,31106378
-1230277823,397720597
1631501398,369436
131561449,473908
1810411418,1817450
-467034632,159931973
-136434236,1032258420
1461356772,1193601
-1843022044,369436
-1400615406,58096059
-936447950,159931973
-514571187,59132
-22454019,45831102
-1872510557,3584849
-488150069,31109193
313011753,3536937
268763444,397720597
-1236526824,369436
481863555,15259792
544432999,63474337
1458813022,15260896
-1912929370,1193601
1403115331,3584849
1676390080,981548077
-374234730,58096059
2016739447,397720597
-650383484,1817450
539359286,1036032665
1713483547,31109193
-245941972,1032258420
-1484492273,31109193
1977046530,397720597
-426025370,369436
-1292380656,981548077
374604641,3584849
1904668411,22808474
-1313779386,513717515
789735195,29428
-1591818973,1784049
215898177,1009930
-1781189984,1009930
-2041673525,1760205
-1994070996,188992019
575257990,513717515
1839333631,15481915
-765436113,23003869
-1329102436,188992019
126799501,15481915
1359915324,188992019
-1679387568,28912298
546473308,183854
1327250546,594012
424516216,904479
-2086391198,594012
1807477154,183854
-405659964,594012
1914417796,183854
-1941979796,28912298
-1731424963,15481915
-1718121345,23003869
614519508,515595820
282252087,15480514
-832946229,29428
1084233301,1784049
-280137056,7594793
-2146657146,904479
526507024,28912298
-1575972377,15480514
-1257086523,7594244
-1939260428,515595820
-1543044251,1784049
1228697588,651657777
-365332574,651657777
-1466467853,218611
-1204615853,799864245
-20781183,799864245
1801978670,11094710
-1450421132,628905
339258294,628905
89672458,2175745128
1528899031,29858306
-1426847686,2175745128
1462743644,159906535
1839233200,7060524
2068164054,434657446
81080944,6425970
-737812456,5176825
-1085079594,5176825
231632448,167469903
1339776560,5340409
1806174194,167469903
1623296010,14217409
539221938,5340409
859426280,434657446
214798038,5176825
1643013406,159906535
-887721519,134691832
-430508781,5678602
-1201068763,134691832
284958125,5168246
2142175143,5678602
346618339,349584052
1178577815,11434705
367947929,5168246
1169496041,134691832
-102606733,11434705
-835113793,349584052
-1181784918,204497824
1916842530,530761057
911991759,2063
-571368346,5778
187529568,195262181
-277671334,204497824
-605799802,8621619
-1798906406,7846764
-92672288,195262181
1472369918,8621619
-1013238694,204497824
1146800936,5778
-2064820026,8621619
1964973784,7846764
1336300166,204497824
-1800899458,530761057
-521405265,243671
1588792739,164472458
1249799947,164472458
-2147080665,426877765
2061048029,426877765
-691169537,164472458
-45374771,164472458
732843824,195979
-1504132823,426877765
131125523,164472458
809332878,53786547
1559304975,1890755
639933172,2765187
-1005847421,53786547
247920218,2765187
-953177151,1890755
-975101750,504196
1433721516,16137779
-1717569184,16140700
971341358,903872
-1566494152,903872
-758167172,504196
400742170,16137779
-1171900718,16140700
-1047317772,16140700
-442637423,403484290
980881248,207931640
-1179504241,2989891643
989390820,83177775
-1484642388,924597083
-1850890252,1190204203
594122246,431545277
192309346,2949248122
-2105837924,924597083
1068870381,982386366
-913673779,337020257
1471800087,134788731
-1114757632,2949248122
961261278,207931640
-933293749,337020257
1398925978,924597083
-359357139,2949248122
882525887,144722516
-475172475,78470029
787224505,1050402837
-1952598353,982386366
830861139,403484290
-1941852088,1434065762
966563021,144722516
-1139131768,431545277
-743863194,83177775
622335270,352477448
4330429,2989891643
1653873650,1190204203
-391808307,2989891643
-859548538,211796895
93365143,78470029
-746244918,2164019816
306277622,1434065762
-1557583524,2164019816
827097422,211796895
-2978889,1050402837
-1164542057,20875293
1309993445,20875293
-506337491,20875293
1736149099,128876432
1315951052,14228440
1432403482,14228440
1333591739,128876432
-2051054085,128876432
-1935169909,128876432
-165428529,20875293
-37876078,580420488
1328273352,21318489
796071672,580420488
1405620182,12958645
1535054656,51277726
-324789695,210215986
-1456559754,51277726
-2119825269,21315402
-861300043,112136112
-1976528972,21314656
1326459632,38815459
-1541784718,178092748
484026844,178092748
50906173,150827021
1424980858,70454599
628376462,70454599
-2097449074,38815459
1218090939,78642947
-637215422,5109618
-319404546,580420488
832868844,18914015
-1152880172,51277726
1641630555,496714869
1342491468,178092748
83026057,607928626
-1619160536,97013770
279068480,38210778
412686819,607928626
71528774,5109618
1469441307,210215986
1437066521,260937149
-1565331701,260937149
911016222,83605685
-25363182,38815459
913437007,78642947
1221261782,12958645
-237639102,2659253
451157474,1577697207
1397026622,2659253
-1245860005,260937149
-1260974751,62289238
664397156,21314656
49296261,112136112
2123261526,21314656
-2027123709,210215986
2060324816,593566375
328286380,38210778
1938550494,291522647
1379735533,607928626
-1855348439,150827021
1410438316,580420488
1702690093,150827021
436245264,593566375
-2101860124,593566375
-75431507,260937149
-455397658,496714869
1027801447,97013770
754783488,2659253
-421769806,593566375
1530914823,210215986
1358130397,62289238
-194343195,607928626
-1463365380,5109618
1612999195,78642947
-627960920,97013770
-1136204552,21318489
501033874,21318489
-289335877,21315402
2016253814,178092748
1695561849,496714869
-13567386,3807961
1539582504,3807961
223256330,3807961
-970619956,3807961
1383696769,479536
1585753635,479536
-546245025,859665
1297741301,479536
-725203012,3807961
-846579108,3807961
-728643455,1507206
672258929,479536
1226248301,859665
-31905997,859665
-1619875468,127799752
-1135871655,127799752
2129235007,127799752
1674315531,19705873
639718903,19705873
-1326577059,19705873
2044503727,19709440
-445464061,19709440
-362167643,19709440
278847187,6099999008
-1170558860,303094576
-611444380,2144663228
-1155989646,79105344
1962340663,55231432
-379197056,6180671443
624354370,1
1192277794,28985318
-1178836766,28985318
420900137,303322597
-665171193,1882908346
566666260,2144663228
-1126543984,1
1587401661,303322597
83173983,2436750830
-483534556,2144663228
-1701664334,79105344
1872514903,6099999008
1596651074,6180671443
891471870,397747102
1533219353,2436750830
1572834501,55231432
-409264330,397747102
344800126,277111912
2025630222,277111912
-914505082,277111912
-1512399444,277111912
-1335312786,277111912
843138533,26032049
-2099796031,217469400
1632929251,26032049
767380194,256695149
-1305838873,86032248
1534397505,86032248
-1829765403,3391952
745033118,59458852
-1035008595,3391952
384917244,488035
289345745,217469400
-1847948659,1364829
-945929815,3391952
1789950641,26032049
663722368,43578361
1960584388,606539492
-706955118,184175168
190737112,43578361
921205648,184175168
667048404,606539492
-1467040113,3391952
611258070,184175168
1465188712,26028278
-679061487,217469400
-1210023686,118463703
504773225,3391952
337637764,606539492
-256036479,606539492
2126766826,118463703
-1479703482,488035
-2050271356,488035
-1503465170,59458852
1509048063,26032049
1449500982,606539492
211700879,1364829
-1350469706,256695149
2114188457,217469400
-2039987866,26028278
-1267645663,217469400
1882368809,86032248
1760015096,488035
-1373170434,488035
-902072449,4649909
-686454129,4649909
-508088545,4649909
-935038689,4649909
1184795791,4649909
-258237569,4649909
155055185,4649909
-1126454150,32892
-184732562,75551
1553718763,8530482
-1980372168,32892
-969458293,1143447
-1590964564,75551
1337186327,8530482
57202231,470651
-66828075,3829348
-1612977395,1143447
-385211520,268226
175009710,268226
-503567365,512652
367418685,8530482
1745025445,470651
350350653,512652
277151090,53078
814979084,15627360
-1064626177,5111878
-625359906,15627360
-471246054,75382
75571819,515710
902910801,39205
567704164,75382
1592444360,284882
1615609509,515710
859558451,10019318
1632259268,284882
964858793,39205
870147956,32810
407132779,10019318
138423816,32810
-1431046569,10019318
-1551139442,32810
-629142066,1624083651
-1520845724,1623936671
-2131389751,1762092489
-915690421,1289535341
167601094,619859548
-1820486090,390193775
1190387651,870257672
298683993,870178913
-1124110128,619859548
-161995173,480974417
-1390465676,2446517888
1339582555,4473983767
-870433190,390193775
-755239023,2446517888
-1990643661,2446517888
-1236158006,480974417
-540189561,2426739176
-1153362349,390137261
1645476216,1762092489
-557858926,1289535341
-21884868,4473983767
400551459,480974417
927331084,132130214
35627426,132118256
-545506601,2147864784772319
2114102617,2147864784772319
-1015454983,118077825421
-858595653,118077825421
193398449,118077825421
1405162111,5091705428463
2099922657,5091705428463
1622925372,5091705428463
-230195967,5091705428463
1276337267,131805522
1378787882,27112137
1761761896,27112137
1790560077,27489399
503323059,100007165
998670731,27489399
-928613851,35870900
-1448741737,3089134
-1780926913,2364960
-523312621,3089134
924601091,2364960
1679250107,2364960
1789796531,2364960
-1948505327,367274373
67971658,360275666
752431807,367274373
-1884079902,14492845
507176594,14492845
1355285447,360275666
-1147116716,1439227
-1888474046,1439227
-1280422530,1439227
-888751806,1439227
-144086074,1439227
1688753231,1660424
-1013455699,1272881
1994400759,1272881
1286085477,1272881
2066536257,1660424
223631893,123023
-247547243,123023
-642478827,123023
1678175725,160965
-1474166803,160965
786922221,160965
747582613,123023
-1037234025,153129154
-1120325737,153129154
137431367,153129154
1949928448,153129154
-1693372661,153129154
-582443402,153129154
-330442916,153129154
1202892325,153129154
920021440,153129154
2017239333,153129154
-533377499,153129154
1125923072,153129154
-1506904338,153129154
1172843544,100666883
-573876829,153129154
-1388223837,153129154
-793929779,100666883
1340670589,284346374
-343032029,260584255
642686913,185514399
1822952729,4780813
-552854805,254903113
1519656455,95665208
-2035819764,260584255
1474051211,4780813
-696363264,254903113
1796118217,95665208
1863920963,185514399
925763298,100660486
510340236,378920819
-301239632,4200549
-496978201,154581840
-375421017,154581840
467221391,277982086
1546073420,378920819
-1579635906,4200549
-1916526366,79951063
933907488,14524788
1768087351,61629187
2072508303,61629187
408065645,61629187
1459050373,323669065
-2125994730,61629187
-1935288974,26654690
-85953880,14524788
1433365682,26654690
841385023,8624121
-405647532,61629187
-724129362,14524788
-604928524,38173871
-666543787,323669065
-344025154,26654690
-1021845836,38173871
-1243180168,26654690
369620573,49929078
-4732681,136121764
1646079871,3995106
201082551,3995106
193860635,10658829
997027789,10658829
-316828478,79257748
261750982,79257748
1334698731,3995106
-262349033,2317207
526600233,3995106
-633299867,730238
842343440,79257748
-1942999227,730238
528453987,730238
-1141475289,11138285
1665681766,3545143
-276252429,10658829
540113205,10658829
669752004,79257748
-1607564524,138056847136
436505208,7703744557
-267846127,2358371919
-401001910,53469957547
280677798,138056847136
-397804965,1620949549
709549261,1620949549
341604577,2358371919
-1769134738,16568112
-1460384785,1777648
478920460,2834295278
744323348,49760497
-1877614162,207974918
1760193163,33975470
1977908872,18952125
-2055377964,49760497
-1787931398,1576110838
-196879698,16568112
1649838463,33975470
-1641811519,231478139
443106416,296062999
-813425794,207974918
-9807796,16568112
-956913361,1777648
1302836246,18952125
-302614037,231478139
-1368782533,55505995241
1627365244,12394900118
-73361386,18131873165
695830482,36047557458
-505175442,12394900118
1475875074,18131873165
-1256412816,178277138746
-291292683,55505995241
-917142189,18025203
-2069216528,108677034
1042331461,18025203
-1704068784,32313777
2098170484,32313777
-961239888,108677034
1240165048,7445482
595320652,7445482
-205265220,32313777
830568995,18025203
981266689,18025203
-1730630636,95479342
148487302,95479342
1946907045,11653952319
-1786922155,11653952319
652468331,3552286
638962927,432804257
1131336641,432804257
573215635,778305073
858691577,3552286
-1382133375,12834049474
-429617011,679201313
-738443881,2522398915
704049687,679201313
285279389,679201313
1846375353,12834049474
781977381,12834049474
2065426419,12834049474
-1153750257,679201313
-67508633,2044549
-317443743,2044549
886509403,29843004
528484336,3378548
-1661308783,29843004
-101177640,3378548
-162911144,3378548
-364543642,3378548
557102162,148003543
612056482,1661945
-651635612,148003543
-202239008,1661945
1874262064,1661945
1172607282,1661945
-1531105323,63266
1039638587,1038389
-299375661,63266
-2101127027,87129
-1591263839,1038389
-701516195,36226
-1350138149,36226
2034335491,33697
897190081,160634
916810051,160634
7369043,1036790
358968617,399430
-328022475,1038389
1722754127,87129
930637515,77254
-636707539,1267979
-1201540161,196150
1335244093,1267979
1237425743,106394
-823918081,106394
400363023,196150
1606118369,77254
-1789979423,1266026
1143601955,77254
393917501,135644187
-814820273,135644187
-46796116,3802645
1954899496,3796786
49160257,1463002
-333813757,1463002
1836194374,3802645
1138971020,123401
-476715447,269859
-1844271353,269859
-2070970006,3802645
-1815711208,4643417
-1652745176,4643417
-1023117082,4636263
1180390789,63919505
171567923,63919505
-241832796,621646
779692282,620689
1293940646,239124
-756971272,621646
-468400708,20173
-380981340,239124
1417069210,621646
733996984,759093
2015514764,757925
1011376336,759093
2025073830,757925
-1359154228,757925
-1480584039,9991978
-971977452,1178383
-2139252206,1178383
926140935,9991978
-1137758573,520350
-845644553,422721
-1201911599,422721
-1038958709,422721
-37131885,520350
-1837034345,520350
-1943578966,76599
698158843,159595424
-950957784,76599
1074227841,159595424
-160421866,76599
-816967593,517088
-2125132825,517088
-947424479,517088
-651271878,20372
-320035679,20372
-1510785207,20372
1570030835,20372
-1692786920,83505118798
-1888068956,82385
-456623654,82385
1115597765,450281589543
581436622,13669462576
552536164,13669462576
-853047925,21075334004
-1914578345,21075334004
488295287,21075334004
1439879259,21075334004
-1287143328,37629472725
-1403786210,37629472725
68532557,58004585614
971507389,58004585614
-1633623619,58004585614
305188312,6361896212
-204206954,6361896212
-1991275492,6361896212
-157576321,3626182416
-1641694769,3626182416
1595571671,3626182416
813041553,18239
-1049043655,18239
-1562293776,1853
-1342705064,1853
-1516404286,1853
1311137943,410
-868917405,410
-1632189461,410
-1074434713,410
-2095528420,63398
1747589112,63398
-1942340559,14036
2028240229,14036
-1780785861,14036
324806026,1426
-1797384316,1426
1843547392,1426
1102972915,315
997934667,315
-1556092745,315
1947436321,124849124
-1161230897,124849124
1500441251,930380
-49696487,930380
143046317,930380
-1499140740,235598144935
160938900,284035
-1192516856,284035
410129377,551135373553
1414681322,23501217658
2006593800,23501217658
-507781633,36980647418
-184828013,36980647418
-689369797,36980647418
952620911,36980647418
542147548,49923747960
1928927802,49923747960
1146339033,28462120304
-1270965799,28462120304
887822985,28462120304
723159730,7518610824
-1865546720,7518610824
-2107230309,2195202429
743443475,2195202429
960213491,2195202429
-795478109,62884
-945592609,62884
-1443911051,62884
-178779307,62884
1872795102,6390
1058455400,6390
-1270936972,6390
-1250066937,1414
1917795051,1414
1077701547,1414
1493814907,1414
902003111,1414
1480330112,218575
-1912487664,218575
-1957531276,218575
1634318925,48391
375489251,48391
664900769,48391
-766562003,48391
-114176865,48391
1746540008,4917
1407412646,4917
-314283668,4917
1262243344,4917
-1241407331,1088
-678359343,1088
1945872278,1088
594934079,1088
1757733071,1088
-1091319921,41020437594
-195391998,19658744072
-2024928387,41020437594
1746692180,4603170
1626107604,82464843
1075039704,94944056
-827935850,4603170
1978946328,94944056
692748765,11980424
-1612661313,11556470
-1617668821,11556470
1751699688,4603170
-1635176018,82464843
-767252359,11556470
-1761728027,11556470
-1695702996,82464843
31247667,1238848766098
108585188,26180958726204
618501387,1238848766098
469931370,26180958726204
1138545072,26180958726204
-918964699,211032
1904981253,302689
303668356,33392
1022035843,211032
1279439026,33392
742366751,211032
-1070820771,302689
-1117056310,33392
1976906430,10773783416193
261353911,735380139
-456454637,1867143084
-779113252,1867143084
1512885989,735380139
74944920,2522745218
275758129,1867143084
543102446,2522745218
531785134,2522745218
-603123229,1012759434
-2017532323,1867143084
-1488334321,11459188934
928928401,1867143084
1782702258,1867143084
179088762,1012759434
-491975399,1012759434
585417356,1012759434
-2106273833,2055195395122
1378339876,2055195395122
1149210616,2279972045
-211979583,2279972045
457635039,897974115
-1973650492,2279972045
2050636652,1236682511
-406930998,1236682511
-325975770,897974115
187550819,2279972045
356525730,13992837857
1401420550,3080529084
580447927,3080529084
657233762,2279972045
-1486318106,2279972045
-1981873627,1236682511
983993877,13992837857
2125761856,3080529084
1667254820,3080529084
1687096191,1236682511
-1944659613,2279972045
-459925631,414994234
-1768022143,414994234
1674518796,604406
397486537,604406
-45116172,414994234
1871058932,414994234
-576659081,414994234
1314730806,3308501627753479
-1158759277,8589720823444131
491611989,8589720823444131
-113317760,1056042331
1507391363,2003532878
1751574593,319496061
-489281336,38731
1790551964,1443034712
-462814284,507623096
1419867185,393885556
-1546278602,23648065483
-1142341340,826293583
-381544668,319542343
1072848478,1056042331
-679935742,319542343
1343952596,1443034712
-395369128,23648065483
1497709051,2003532878
-873684059,393885556
1405701258,3663890470
-1920466744,1056042331
1808643836,1987335449
-1140809219,826293583
-785322090,319542343
2114298233,393885556
1323322737,2003532878
432977455,2003532878
329027439,413892041072
-521341793,18334305481330
1839423889,260539824865
1448045077,1620380024708
-1356956491,861047338451
398459784,2510097257628
1536916786,1633586648057
-753355756,260502089130
-590738927,2987364278344
-591603384,1633586648057
-1167946800,23099953513596
-1004226319,42587525707344
739016238,5900397908286
-398937067,3713688182621
-2071580147,57541105312010
2050206231,23288225635428
-453363437,3713688182621
-2053715623,57541105312010
-1647021087,5900397908286
-143264190,12274993018889
1600684519,5900397908286
780124638,23288225635428
1481248546,5900397908286
-684001653,4578360458062
734354719,42587525707344
-486709335,35783661290352
-1189841522,23099953513596
-1243045006,42587525707344
172999619,35783661290352
680760164,23288225635428
197680235,42587525707344
-787009217,23288225635428
-1547775037,4578360458062
-482291837,4578360458062
-1609509714,12274993018889
108813553,23288225635428
1568059702,3714226138968
1349149817,4578360458062
1224971670,17537121396337
1740313382,16773230097729
-1718653294,42587525707344
-230109372,261371775672816
1851685077,23288225635428
985353186,42587525707344
-1344902928,23099953513596
451442485,23288225635428
1928852690,17537121396337
933504652,12274993018889
-149553917,3713688182621
-17100436,17537121396337
138952988,42587525707344
56377530,23288225635428
-851490805,57541105312010
851671158,23288225635428
-816677658,3714226138968
-340558293,23099953513596
-966763248,261371775672816
1228903873,35783661290352
-1517207920,16773230097729
786820636,23288225635428
-480869711,23288225635428
626841854,5900397908286
-535395582,23288225635428
-1343002320,3714226138968
-754672575,23288225635428
1194367232,16773230097729
1319578016,23099953513596
1405943372,17537121396337
983295174,23099953513596
1046870440,16773230097729
-961439280,5165690373
-1719929679,434014993
-1995753708,5165690373
-1878511852,5165690373
825401437,434014993
132051891,434014993
-1515629471,27589217377457128
1016110670,155972183866820800
-445991064,155972183866820800
-1875655194,155972183866820800
-1507195837,155972183866820800
-148597802,155972183866820800
216960073,1372457881
1417482568,303869951
-315185893,3484694657
-1412785487,1004392762
-1104458047,785880708
-48012334,374621158
-1889153492,374621158
-1581928974,1905542858
-170844279,1372457881
936083363,1372457881
-424150411,1004392762
-1170730970,1905542858
1228855996,374621158
754748417,22491471331
-1590485077,303913969
1628353347,482795953
107177927,1890137622
1443054953,1004392762
1779321966,303869951
2062963025,303913969
-2041592579,303913969
-1870099205,482795953
-1279854212,1905542858
-1358599925,1004392762
-1933617071,303913969
1425772269,22491471331
929842904,374621158
-829603364,393649154143
-1998370868,247797182601
-1014586706,818934704761
1232471989,2387331874569
591866374,2841256425808
-70365831,1553690185878
-956927633,2387331874569
249439206,247797182601
1054312911,247761292469
-558628499,2387331874569
1656432106,393649154143
-1252869938,818934704761
452347487,1553690185878
-1412124253,1553690185878
-1152016132,1541129480200
-808736832,247797182601
1960656568,17437599973724
1449238977,21970166756079
-153002927,16679405059077
-1249503927,40504628763362
-1007899324,22149230748988
-494058546,34033531938900
755190976,5611817612359
802654653,11674640098127
-1292021485,248588443846188
544353782,5611817612359
-2085679059,40504628763362
-980897439,40504628763362
-1832211369,5611817612359
-79932865,40504628763362
1881262575,40504628763362
-1178205762,4354439184211
1968925659,11674640098127
413163101,22149230748988
-1733661751,22149230748988
-2041065802,54726849484345
900456719,16679405059077
1725191633,22149230748988
-1527746023,21970166756079
-1501434382,5611817612359
749969179,21970166756079
1069912922,22149230748988
-1423283499,3532568478758
-1606513651,5611817612359
-1719369040,5611817612359
-1881713434,4354439184211
-576728329,15952874626708
7668664,40504628763362
2115013490,3532056833112
1321705988,40504628763362
-576066325,40504628763362
-1769108158,3532056833112
-576143624,4354439184211
-1506227643,40504628763362
-1950823033,22149230748988
-1675931535,3532568478758
359274038,21970166756079
85286067,15952874626708
270291594,22149230748988
-79568535,16679405059077
840654085,22149230748988
-302602489,22149230748988
1266386093,15952874626708
2119116418,34033531938900
2105959239,21970166756079
1628006035,11674640098127
81018695,5611817612359
-2026111820,21970166756079
950784331,248588443846188
-639894788,54726849484345
-777291556,3532056833112
1890257289,22149230748988
156167271,5611817612359
-405194880,22149230748988
1363035216,54726849484345
338884869,16679405059077
-2140616523,11674640098127
-384334276,54726849484345
2143594385,21970166756079
-1856196574,22149230748988
-1752846342,22149230748988
-1553845835,16679405059077
1900333486,34033531938900
960600305,16679405059077
554973784,4354439184211
1600108087,5611817612359
486840619,3532568478758
-74571817,5611817612359
470210318,22149230748988
229606237,15952874626708
438219366,396254244
1630192312,3215204
-1794003350,396254244
747642715,396254244
-56811087,3215204
2025952971,3215204
-464217174,396254244
-639655103,396254244
1975593917,3215204
-1400602392,3215204
-1214580814,396254244
655990752,3215204
1563724744,3215204
2045828899,3215204
254400471,9006030483219813
930957217,9006030483219813
121904856,2101719770160392
-1862012084,2101719770160392
-613361736,2101719770160392
-429268074,1051426576854
1030631110,3647876320765
-1685013659,1994775827830
-729171930,1051426576854
712196411,3065084635073
-2131963160,3647876320765
-1120373470,505404374995
-204266638,505404374995
-805824638,3647876320765
-1112210568,22388056022442
550244575,3065084635073
-581541473,1994775827830
1161641559,318099606846
-1350704068,1978649194416
494517818,318145686025
-352427212,5590644845010
-489161116,28207398087963
1136912861,20481823840432
-1889646711,28437297541494
531372068,7204987342440
-1201568,52003710332203
-587169862,28437297541494
-1531094163,5590644845010
1808116447,7204987342440
278739022,4534791850560
-212265961,4535448750099
1033960328,28437297541494
-271051423,28437297541494
-577325595,52003710332204
-1930996213,4535448750099
930729836,52003710332203
1973345348,52003710332203
-819532631,7204987342440
716068735,7204987342440
-1066759137,7204987342440
-515508402,20481823840432
-558601524,28207398087963
877089836,21414612988388
-902736150,28437297541494
929640511,21414612988388
-909792033,52003710332203
1313646920,70263555422393
-2060700053,52003710332204
1874593799,28207398087963
-1371263591,319161582772082
-1986291452,28437297541494
-445284208,43695498281748
1874447712,5590644845010
-1494387877,28207398087963
1621987431,52003710332203
153198784,14989017809364
-1382976141,28207398087963
398072428,28437297541494
-40206025,5590644845010
1845233366,7204987342440
1151632641,319161582772082
791788341,319161582772082
1928471983,319161582772082
-2042251559,28207398087963
-1570079722,4535448750099
1846185916,70263555422393
-1005548364,4534791850560
-1257279036,43695498281748
2031925869,70263555422393
804290795,28437297541494
1392777380,70263555422393
-903427939,28437297541494
1405842421,21414612988388
120072799,28207398087963
-1476623680,28437297541494
1519289189,28437297541494
1929322867,14989017809364
-1099900603,20481823840432
1769361929,52003710332203
1174363047,21414612988388
228978772,5590644845010
575373492,28437297541494
1163587956,28207398087963
-516477236,20481823840432
1418998756,7204987342440
2136427659,43695498281748
631095444,5590644845010
-817828472,7204987342440
-1484653725,33
1284506717,33
640238427,252028870
1628795174,4163211767
1672231463,252028870
2077361173,252028870
1442311208,33
131876662,33
1738729093,33
-1085503843,33
1167394346,56854595010064112
-657843144,31795699203608500
212790663,31795699203608500
1110684521,31795699203608500
399318138,31795699203608500
-2134175694,457450624
-1903096888,457450624
1443003189,1226465952
1659927567,1675910984
2078837989,4255167412
-742336223,589543075
-329450407,2308050721
-1522016786,371109938
1665438919,4255167412
1130300243,1675910984
1019845302,371056187
1570217515,371109938
-492448856,457450624
-336052296,457450624
-2094023842,457450624
2110583329,2326862084
-307636796,1226465952
129606283,1226465952
870138914,371056187
1847912543,371109938
-1100039080,457450624
-381831516,2326862084
1266158131,371109938
1188355727,589543075
-657868933,589543075
1317480316,1226465952
832795211,1675910984
2008293022,302541795305
1016338512,1897214102731
690320825,3469463738340
-726921869,1000002758086
-1579881885,480685746461
344247045,1881876200639
-2007616781,3469463738340
-170558504,2915175587449
899426505,480685746461
1918163872,2915175587449
-1530003967,302585620815
-1596939157,21293087185997
1940393865,3469463738340
-270445869,1000002758086
-1234225962,2915175587449
1036223789,1881876200639
-386997017,302585620815
-960555921,21293087185997
1361401680,1897214102731
-89106277,1000002758086
-1586595673,302585620815
-621940367,41558411932514
-1519166243,20367253903556
1711448334,49460280829606
715018087,27046468674109
860224749,5317214142729
2144167254,6852601382755
442033463,49460280829606
704918898,26827813284685
-1788726704,14255925692134
-539440514,49460280829606
1414921656,27046468674109
-1709245553,14255925692134
1610258166,27046468674109
619201976,6852601382755
306895068,20367253903556
1757219516,4313626228498
-1338122579,26827813284685
1115046797,6852601382755
-1738802848,27046468674109
-381268745,66827062166872
424944722,27046468674109
-444314924,19480086181908
182343349,27046468674109
1875313782,4313001457006
670262740,27046468674109
-366767420,6852601382755
-33267167,20367253903556
-230352894,49460280829606
1572291863,49460280829606
1389281114,49460280829606
-239710825,27046468674109
25689201,27046468674109
-913341452,4313001457006
-678541956,66827062166872
208100420,19480086181908
866933643,27046468674109
32893205,27046468674109
1503451963,41558411932514
-1418214804,20367253903556
1066513808,19480086181908
-917691535,14255925692134
440943936,303551831457561
-1268172289,303551831457561
2023204045,5317214142729
-627681755,4313001457006
1656221029,66827062166872
131270497,6852601382755
-358070712,26827813284685
-120053744,6852601382755
1093104,14255925692134
-1983899352,27046468674109
-1991499516,19480086181908
1599587134,49460280829606
1618555169,27046468674109
-758079043,4313626228498
1701484428,27046468674109
-1095740075,26827813284685
764598415,27046468674109
2019517078,41558411932514
-1890563753,6852601382755
-123249862,6852601382755
-958692106,26827813284685
-783929084,4313626228498
-1908571677,26827813284685
996306029,27046468674109
1092469843,27046468674109
2007601105,66827062166872
7813794,4313626228498
1081508704,14255925692134
-1120142575,66827062166872
1271631296,41558411932514
341163683,41558411932514
-1409021602,6852601382755
-1504544744,5317214142729
1217865708,27046468674109
-950453696,6852601382755
483847377,20367253903556
1960576954,49460280829606
1214467060,20367253903556
1654297535,4313001457006
1981406951,19480086181908
-652842131,5317214142729
1742073616,49460280829606
484419742,20367253903556
570517296,49460280829606
186542126,14255925692134
428644175,6852601382755
-1477825712,18005
-1800449374,18005
540370790,82484
-1703695875,82484
985167764,82484
1875366315,82484
-1934415191,16558997278
1424077416,7907379243
-666199063,61
262968969,115408206720
141883709,7907379243
-321114156,7907379243
-1400078489,7907379243
2005094137,61
1655444912,7907379243
214922641,20231354
-401379693,60762640
162546058,52548
310584065,4752775
-567018340,2170690
-286945709,4752775
1047216001,20231354
1956718600,1582470
-244663572,2170690
2110036922,52548
-1563366904,1582470
-1222369092,93804676680
933307277,15400629940
663015006,15400629940
-79400177,15400629940
2072577478,13568462081
70997004,8443220
1971489040,8443220
739543474,25358282
1040978534,67376
665983665,67376
-932360536,67376
1274507919,905901
-2083174067,905901
1953832502,25358282
-854323764,8443220
765013713,905901
-2057918557,16265815598
-909746601,25
897674278,8315433594
1735686720,8315433594
-2123060522,8315433594
627356701,8315433594
1553331135,25
141184271,8315433594
1855009451,16265815598
-1439762975,8315433594
-765940054,8315433594
-484827523,114386598247
622956663,114386598247
678250100,26778
956834786,806437
-78788621,10310033
2046628843,2422046
-1210906959,30965047
-651933904,1106198
-2060619919,2422046
1949051649,10310033
-916494223,30965047
1215394898,1106198
505170346,806437
-320064906,1106198
-1921091368,26778
461865822,806437
-184655806,51697204188
1653109978,9030885858
426997004,132681132586
2040421661,9030885858
1967504768,7490960489
1027714207,9030885858
168063717,9030885858
561272766,7490960489
995004884,9030885858
1659657123,33530
868838482,52745087
-693643769,450834
720695713,33530
-1226592734,33530
-1105408236,75085346
104343573,33530
-1652073966,4201884
78239984,12619895
-1384368945,33530
343330796,12619895
-1769378073,450834
2097255318,4201884
1893841821,58705804
186089644,12619895
85491468,33530
-212074865,33530
1263620107,450834
-1647283916,6559277586
724332389,96870640076
-1394662811,6559277586
2095761926,6559277586
724567285,12
1906589735,12
1167653615,6559277586
997878711,12
125431341,13845773660
1078248901,12
-657092117,6559277586
-388664333,96870640076
1696083114,13326
-1007628767,1205364
-1284614281,1205364
198878607,15410179
1393229970,13326
1553190760,550514
-1651994757,15410179
-2049696072,550514
-1648717592,401334
1638673630,13326
1640438628,401334
1342664469,5130929
1748485579,35994440
-1541858342,195120644
-720362866,186308498
-1764840109,21859455
1100690468,506453657
1317318815,100418669
-795570797,35994440
-572484778,186308498
1318025278,9031488
1177098240,23509159
-1060678491,35994440
-1017426499,195138303
187669263,27072
-1249217588,7968999
-1492254114,281156102
274964184,100778636
1083267986,281156102
-809106100,100778636
-1928766849,65525
-1122908061,1419169761
979813287,1419169761
-1338591543,37166068
1455927359,37166068
575717280,8701001
1137862984,8701001
1928746227,8090428
-1830959211,8090428
-1702744837,8090428
-513112711,24251
1817217664,104059007
103389534,104059007
866755991,10019
-928296666,104059007
1019941641,24251
1202069793,24251
2127044053,10019
826865994,104059007
659882056,104059007
1846877556,5962222
-2088226855,5962222
-919603753,43003270
1911727942,2290830
-1452633059,5751235
28508345,49489558
371120715,43003270
-1144394446,47250207
33132119,5751235
-495923498,49485080
-200260006,2290830
470905578,43003270
730346289,5751235
1741630450,47250207
-499296116,2290830
-1427124575,16618
639098404,16102532
-1580093616,16102532
1379430109,16618
1251542922,16102532
913392980,2206684
1345024992,2206684
-373558423,6150
-475138765,6150
-431008021,6150
-318411298,6150
-1149585610,135991870117
1667186449,379040037
-752664745,379040037
2110895947,379040037
-1294072298,50332108411
1906004338,50332108411
679806175,140286942
-529331723,140286942
-1376373091,140286942
-265388540,14849505
-1720012598,14849505
-2110197924,14849505
513170516,14849505
-675771117,4434088
-757889110,14849505
-2066889740,30521157
83547420,14849505
3370604,14849505
-685411324,14849505
-802645718,14849505
-1976580764,30521157
-1322816444,14849505
718163140,14849505
1283382251,4434088
-742971930,14849505
1346310053,54505
-1402585020,12358
-612214437,54505
-1696020095,54505
-614945715,54505
1208187739,54505
893857115,54505
-1816634213,54505
171958237,54505
1083040173,112028
1294660445,54505
-138052189,112028
-568489591,112028
2069430269,54505
-1323780579,54505
1479638497,54505
807527469,54505
-779060047,12358
-1385506515,112028
-852615883,54505
-883721346,12358
394622355,273260588380
510125044,761638953
1406578910,761638953
1665388245,101136794418
144279381,101136794418
756774602,281891065
-37202892,281891065
2137556035,281891065
-887444420,69302368498
-1570281559,69302368498
-894179131,69302368498
-1157609599,69302368498
-1349780344,193161337
417302985,193161337
1625980044,193161337
-1049631634,193161337
1659795376,193161337
-631859532,193161337
-829015501,25649579017
1189574271,25649579017
-1041613261,25649579017
2114718631,25649579017
-886954338,71491164
933287946,71491164
2065070833,71491164
-1201038912,71491164
1398553064,71491164
368906720,71491164
633210648,71491164
-1660467349,1580712493443443
794184587,1580712493443443
1164560195,1580712493443443
141099658,4405802377166
228157250,4405802377166
-364324196,4405802377166
-502867872,4405802377166
-619454102,4405802377166
1967477189,585039312264955
417344105,585039312264955
747365129,585039312264955
1054610557,585039312264955
-429374308,1630636566361
1115547283,1630636566361
-578364641,1630636566361
-1720377767,1630636566361
1973891376,1630636566361
-233341652,215095404
975396122,215095404
220818871,65378958
2109061193,65378958
898975867,32049
2062014950,283575532
-1731736776,283575532
-753676354,5584
1022500677,1723
-1500184004,5584
1264047751,1723
-1209825392,26204619666
2022202664,774730
949274898,774730
1369838037,2669839346551
-1086824641,2669839346551
-225175675,28378745
-596901088,28378745
2109819589,28378745
-1408377267,528546884759
1581767455,528546884759
2024642447,18833284
-904698229,18833284
343399749,18833284
2025395128,53513286056445
1506174331,53513286056445
273707634,53513286056445
-325286896,583785037
-1514637630,583785037
-897492637,583785037
1105141652,583785037
-985465444,583785037
1779514671,583785037
-289679780,2188771
400036059,9534106
-1448907834,9534106
1294483099,9534106
-1088924524,2188771
1407764080,2188771
-1852470700,2188771
1429414640,10367
1094385198,10367
2103047122,10367
1447720250,10367
-653065368,10367
1164748452,10367
1178129204,3439005
-700119500,3439005
946106584,3439005
60087481,26705536
-326567025,26705536
-2131847658,26705536
1781230934,7769
-1896819644,7769
1328474646,7769
-1708380294,7769
1433698628,7769
-80930712,6080825926
1390715754,6080825926
-1053038228,6080825926
-609258334,270910
1381955498,270910
-760737484,270910
92330584,270910
-402852648,270910
1182073247,831474052201
1012227230,831474052201
1075388227,831474052201
2140642709,831474052201
-767537791,8574358
77733707,8574358
1662949505,8574358
-698383163,8574358
-50377407,8574358
-103404131,1380199456
628097042,250818840
-1686332055,1380199456
-486649808,250818840
52738567,250818840
-1124769242,179212717
278197241,3582854
1988487144,3582854
-1128933205,179212717
1399601420,3582854
1897180268,1072205862
-1344298834,179212717
756064791,6141462247
-1798318322,6141462247
-602182580,6141462247
1355879643,8696
-2003264511,8696
2092192428,8696
-1867317396,8696
1557090667,1439980416
1896525296,1115184213
-1261959590,1115184213
1720534784,69679148
811888529,69679148
1378075005,1115184213
-737779227,1115184213
2102196896,51948
-548002421,1449162076
21815162,1449162076
550052489,11492938413
793813202,11492938413
1842837149,11492938413
-750732523,3517457
-1566433650,3517457
688126653,3517457
419584230,3517457
-141074008,3517457
1970555732,382099098
2012770021,382099098
1426088599,187046146
1012593058,187046146
-2105261630,3553014485
632716698,3553014485
-752834624,3553014485
516564404,3553014485
-1045540001,3553014485
-2082489143,3553014485
1407880303,3553014485
478060687,454005
377255384,454005
-438499838,454005
-335282561,454005
-468536996,454005
986037853,640096340052
-200262225,640096340052
-644316177,13030555489738480
1358133176,12874638596464768
616302657,1946599902870
139812127,62074679452
1436720781,62074679452
178123795,5052275773596
1224025054,1946599902870
-1149774845,1946599902870
1711800502,1946599902870
-548342643,1946599902870
-658929989,62074679452
140472033,5052275773596
-426387156,5052275773596
1630084568,1946599902870
-1459174342,9447721583461
687503623,32391848246513516
421168615,9447721583461
-77722546,32391848246513516
-765837578,9447721583461
-1488845758,2376996921052
-768372431,2376996921052
652667753,2376996921052
-1408617810,2376996921052
-963228305,2376996921052
-1661482436,23987156
1709075640,6169343758138
9378980,6169343758138
-2029982601,2376996921052
-1328635325,2376996921052
-754368503,6169343758138
1075684680,2376996921052
-342508189,2376996921052
1625428863,6169343758138
476363548,23987156
-1335470833,21217985811
-1443901763,21217985811
1748045428,50180203094
-61332322,50180203094
781142742,7022844
479618356,7022844
-1397624542,12789095148676
-340208484,12789095148676
-179190765,26468982127320
720065367,26468982127320
52884371,26468982127320
1809807157,19662834
-597060407,19662834
1380461365,19662834
-107918097,19662834
1503340027,19662834
430572855,19662834
575714724,320108250
-2022083516,746670910
-551984136,320108250
1419083697,779554665
354289716,133784828
-1191168541,4473968409
256412464,133784828
448723170,133784828
1378637346,66971254
-376605779,68861140
819108051,915538034
1534025619,915538034
1516179768,66971254
111129837,68861140
-1961891352,65493237
1884847826,2902376
1598479516,65493237
-689123502,2902376
872548336,2902376
972665588,2902376
595478880,2902376
1779786536,2902376
1819061030,65493237
444169430,65493237
684487851,291424779263
1976792018,63009813439
-1950609944,4191612311243
-1411097519,440869324367
-24324855,194004019904
861467571,194004019904
-368010739,194004019904
-781964723,1559914
-549344290,34234002
-881368375,1559914
413686543,1559914
46578795,1559914
-702097007,20445636
-164989231,886065
-1324346163,886065
1119234063,886065
2015587585,886065
-1290480781,886065
1790768279,886065
617465438,1857232189
-781392737,85425111
2028629700,51111793
-1964817224,18571576
-1867855348,18571576
2086470536,18571576
-1706045212,452431533
-1497538962,1117965272
1274261272,6396626
428469120,1117965272
1547080468,4555071
1978500374,4555071
1453513092,6396626
1501422655,4332289
738549960,277214
-1494368720,277214
-1519947377,4332289
-233781473,4332289
-849709448,277214
-194370029,4332289
1159371739,4332289
845399642,277214
-1741010022,277214
-1189653228,277214
-79142685,14625152949
33155747,14625152949
871964759,14625152949
222059026,114921
1308989867,111992540246
1740657670,114921
1819529512,1709287902085
563679918,95372075892
-285941663,138
-32856034,95372075892
-771710545,50798217851
-1499481073,138
1544049897,138
-983012343,138
-1615604451,50798217851
1978363659,171188805553
-716428259,77073545998
2096444915,77073545998
2018234935,33755863821
782121189,33755863821
-2114508191,33755863821
463875169,33755863821
-2100665165,11028367
-1100048537,438095
-1136964685,438095
399990409,618496895
-1684051027,438095
-977339321,3437937
33347019,3437937
-1674081483,438095
654249707,3437937
430685457,618496895
1246967555,148992
133296239,148992
-1592459829,148992
683453521,148992
1356284146,416668
-714648770,416668
1573964877,148992
-874124312,416668
132948763,148992
-1628600164,416668
-1999871613,1952824
-72587555,1952824
-974757765,1952824
636047591,84630
1004484419,84630
1302435039,84630
-1509926951,84630
-1881955347,84630
598235041,84630
-2007711047,84630
-402124530,70585299094153
-1776735440,9575196399423
-796653822,70585299094153
-1321212408,5119679507972
-1976037549,346203623068593
-2052870453,5119679507972
-1710486412,3326628250907
-1070294113,346203623068593
1353565439,5119679507972
28715304,6755273405452
-453627668,2212603206841
853283708,2212603206841
1062881968,2212603206841
1951197828,345357
-1495068946,345357
-485459591,95849692
127730409,95849692
60761780,345357
-1139875818,345357
-297826515,95849692
-102226142,345357
1611066344,4526567
1767008880,4526567
1868139436,196170
-277843744,196170
43311646,196170
1941758392,196170
1875367824,196170
-1897101892,196170
1393501384,1456423069234
-2105072758,1508826653928
-721293533,166378401420223
1460000986,1456423069234
-1752852481,527891
1482066113,527891
-1785925537,166378401420223
-955340935,527891
1908859381,527891
-1251846136,1508826653928
1447821262,1456423069234
1719256267,527891
517695900,8294158368046
1884328685,6027493298358
1495783773,6027493298358
1370239600,432680375297
-964938882,8294158368046
130246030,432680375297
249525382,480
-321067236,480
-1297695683,8294158368046
1274211714,480
-426736129,8294158368046
-531781720,480
267784089,6027493298358
1753912827,6027493298358
-1548033956,1068890668999
-1481921796,1068890668999
-1903375770,286110631003
832635618,286110631003
435199956,286110631003
1128713644,286110631003
-1107127608,286110631003
22709056,286110631003
-1181394974,1735579392
-158208414,30877653
-1919853530,761143
2015734150,761143
1343613002,761143
1372534432,1735579392
-1934964460,761143
1367365438,1226595
672962364,1226595
-885255143,32986
1516582030,1166604
-1269786880,32986
1714184712,32986
-580389462,32986
938083344,32986
-198551638,32986
967660037,1166604
1674778924,32986
2054319516,1166604
1764455928,32986
1046777358,32986
-911512007,1166604
459085212,432346
-1535854683,432346
-61880900,432346
1373780752,432346
-1218775287,18736
1393255011,18736
-1520397214,18736
-1799593540,18736
2133152877,18736
-1452336997,18736
1821116010,18736
-116196811,3979980
1200324087,3979980
-1055225489,65
-459413887,65
1006316307,4632002
-1168022554,4632002
-428860748,4632002
-1465037530,4632002
1933006700,15727262
-44322159,60097981
2030390051,60097981
2116796792,18349474
938601552,669510
2087264534,669510
-1340550972,775281
-1017927310,775281
-1108817975,400681
-1329227322,711094844
559015000,711094844
-2123939997,218333763
-614710842,77428433
-529909835,218333763
1836231708,77428433
1764954441,566089369
-1623795091,566089369
973921748,69034768
1890643132,69034768
-2068090121,566089369
-2146094039,81426548
-1570365030,81426548
819713255,81426548
-522848001,722676879
1816288401,722676879
1808426923,81426548
1384033569,774126227
377916205,774126227
-1336977220,448526092
-140869686,448526092
1186044388,594231088
-1640966602,594231088
12960938,594231088
382833170,594231088
-567021887,124478984
298275029,124478984
2079703065,130366675
-1863305897,130366675
-1680355395,130366675
1765011489,17707689
-2044088688,40465810
-288591963,17707689
1196477988,40465810
-1270383925,14241849
1946667370,32545633
-2042047996,32545633
1048780336,32545633
-987795866,32545633
2074392651,14241849
417149636,32545633
-1263784891,14241849
-779105478,154850576
1365666552,13680401
-175173870,13680401
1908724897,1860387
-1992190563,1860387
-1774064934,1860387
-314949595,1860387
1985641700,13680401
1911819024,124542424
647011858,124542424
-267725666,124542424
1792466908,124542424
1053031735,40486433
-1422537493,40486433
-863997847,40486433
1679683497,32562220
1328261875,32562220
751597625,32562220
757671971,32562220
547907401,32562220
-1392262804,2493520147
-100399029,2493520147
-629169836,2493520147
-1810917689,2493520147
-1346491252,2493520147
-1752985605,2493520147
-159764972,4515
-717092929,4515
872912972,4515
1054307793,4515
-575758994,4515
-1817592384,4515
-1015741326,4515
-16220198,4515
-1451868675,4515
726991634,4515
-1742482118,720000376
-408262200,720000376
-1000793621,720000376
-1418590195,720000376
2067199830,288292672
-1108900300,288292672
-1585653435,117899158
-950041671,117899158
-663932213,288292672
-1127066939,117899158
951276477,117899158
-454092706,117899158
-312719931,117899158
1765623485,117899158
620781910,3560481407
-1945773524,3560481407
686353,10094064792
449631594,3560481407
1986614029,3560481407
-670852093,10094064792
-115984252,3560481407
12320854,3560481407
2124751265,3560481407
1442795982,10094064792
1926694516,3560481407
997110470,10094064792
-1131426516,3560481407
-2135938572,3560481407
1112347508,3560481407
622717646,286169
-1381097440,286169
-1646960571,286169
1405142672,243800976
1860904612,286169
1695479804,286169
-1661738114,286169
1557067935,286169
2024127981,286169
1069999378,286169
1967634692,243800976
-1488777426,286169
-1368566580,286169
-619822400,286169
-554219572,286169
-1927535241,243800976
-238575481,286169
-1961648249,286169
-1287740398,286169
477509922,286169
-140408134,286169
572767693,38507743
-1259245866,38507743
-722050476,38507743
-444898858,38507743
-1844978698,38507743
92296532,38507743
1531424470,38507743
1320798260,15877452
-1742341654,15877452
-1127994099,15877452
506451252,15877452
1032812436,15877452
-993544404,15877452
-179197396,15877452
-1211138397,972579943
1903116704,972579943
-13517349,972579943
-875415369,972579943
-277559063,972579943
1028058492,972579943
-1497429573,972579943
1739777627,972579943
1980980513,972579943
1727424055,972579943
1816329704,38538
1759658207,38538
-1318287690,38538
-2071829151,38538
-1319124001,38538
1254211033,38538
449142437,38538
-1116751573,38538
1872614380,38538
-974813315,38538
-1789160323,38538
-378544005,38538
1474222411,38538
548944860,94829535
-716237504,486309734
1653807647,3368607
-397584324,486309734
-918775638,486309734
-1208903298,486309734
1554876882,69667727196
-1725524138,9493104523
496716604,9493104523
-1524536490,9493104523
-693686984,9493104523
-2096066810,69667727196
-367931976,9493104523
-1864197198,9493104523
-711180564,58655482
1778133452,150177
-1533727146,8223920
-838987894,8223920
362004363,150177
479917582,8223920
1143196974,58655482
-312491248,58655482
-1277257262,58655482
-498809776,58655482
1962213019,150177
1106526460,389777
588982418,58655482
321161844,150177
-489926632,58655482
-1214975508,58655482
138004485,150177
810723272,58655482
1076178247,150177
274652670,150177
-376788648,58655482
-1711515185,689829752
1542243641,133497771
-1471092767,689829752
1514687503,133497771
222828375,689829752
-1946491833,689829752
-1128632920,4662270
1459869,689829752
-1917689823,689829752
283778651,689829752
-173951353,689829752
-345981584,4662270
1290930213,32029364884
-48805019,32029364884
-986918091,18538926633
1148246757,160060414540
-516190123,18538926633
25799011,160060414540
1688389273,18538926633
-857818509,18538926633
163918369,18538926633
-1488761713,18538926633
-303095547,183382
-669521625,71624323
-753876688,183382
836599025,71624323
1738995607,183382
352735773,71624323
-503812299,183382
301515255,71624323
558263136,183382
-230992731,71624323
1989828595,71624323
-1887905269,71624323
-1432312622,183382
-653685265,71624323
-830548365,71624323
-1804435065,71624323
-42580361,71624323
-914509992,183382
-1814762521,10042245
-211622833,10042245
-749037003,71624323
-593422436,183382
-181327269,183382
930665054,183382
-764331575,71624323
1468042221,71624323
-661375860,183382
483577421,475957
1889449369,10042245
745793799,71624323
-1660679401,183382
1617654219,71624323
1831749209,475957
-1061519881,100697980
241173653,100697980
1846943903,18132759
594664067,18132759
-849028719,18132759
-1985217937,18132759
-158886189,37269444
-1775959375,18132759
7368243,37269444
924572381,18132759
-1338571161,18132759
470579845,18132759
1840326277,18132759
-414655343,37269444
454604037,18132759
-377773117,18132759
727105765,18132759
64767481,18132759
5069203,460778704246
1422411611,2182883558894
-1332523633,460778704246
-1222487029,460778704246
1885445439,2182883558894
-742314059,2182883558894
870764219,460778704246
1239628077,460778704246
-1162761253,2182883558894
-1272507410,1422612442763
-1873649588,582430975143
-1465116922,3131736431772
-563281582,3131736431772
-899045494,582430975143
1377347606,3131736431772
-947754978,582430975143
470700938,582430975143
2099571622,582430975143
-529003078,3131736431772
1295377984,369614
1906868614,369614
-90468212,66556
-767197224,136798
1477026082,136798
835766422,66556
1419332272,66556
269345642,136798
-745622976,136798
1519155553,66556
-1500505014,136798
1817088334,66556
-1206489944,136798
571353384,136798
-750297342,926127
986226240,926127
519945664,926127
-1026646495,574452377744
237094465,574452377744
-1961276127,574452377744
-1855841794,40389834711
1969588190,40389834711
781911262,40389834711
428352894,46071095508
826507681,46071095508
-308227474,813455270547
-2094556393,813455270547
381326717,813455270547
-1665043888,46071095508
-158097284,46071095508
-1493282338,46071095508
-388278118,813455270547
1178082940,46071095508
473230687,46071095508
-594664930,24180
1153992060,24180
567938922,24180
-245367586,24180
2107580354,24180
-1739535147,24180
47932316,24180
1407247188,24180
-2047833365,24180
-1496032866,24180
-1553799968,140350476173
-590677081,192354099276
1937643151,192354099276
-1777660805,192354099276
-1963638877,192354099276
1361849699,192354099276
-2035709107,192354099276
-702874604,39635134845
-2114585634,1
605311836,39635134845
1221328776,1
-457727938,1
-1209433102,1
-2146986202,39635134845
-1587270639,43737327891
-1192970135,1
-1218699421,43737327891
1732721187,1
-1792613930,1
206662273,1
1228056126,1
-1276913537,1
-894541667,43737327891
-1934626831,43737327891
2147449843,1
562729340,1
-1275380016,3868421533448
-280422614,3868421533448
1375504097,46211838250
1490317480,46211838250
2133688229,46211838250
-881177613,46211838250
-2060250947,46211838250
-1016455923,46211838250
1858255371,2255220120
36020211,2255220120
-424570562,2255220120
-830628888,7485021796543
-1111247853,2255220120
2096937107,2255220120
484906058,2255220120
1812311647,2255220120
-1565221587,7485021796543
-1350158927,7485021796543
-1063905089,2255220120
-857399145,7485021796543
2104912568,73
1376814615,73
-1888418452,25080447796
-1040699732,73
-518269980,25080447796
-946041932,73
-622941445,25080447796
825119256,73
-1231283893,73
-1016542204,25080447796
-1946230297,73
1310196018,25080447796
202642578,73
-1314557598,73
640053142,25080447796
-1256315763,14782939433
-318638473,14782939433
1270471144,14782939433
829049046,137712305
1152534846,94459624
-1791180740,137712305
-879928592,94459624
-108012051,1323627357
1820281009,902588990
-611684213,1323627357
708440277,902588990
-187430777,902588990
-611979915,1323627357
695404857,426384
2002211563,426384
1634047156,764379
-563809930,764379
-276271842,405530
-210634680,405530
349271660,405530
2012852272,128736
526881838,3705555
1305806806,3705555
375619414,3705555
1905057359,3705555
-526275157,3705555
-2124050624,3705555
-1770021474,1371467
1545710475,1371467
278311379,1371467
1442260404,1371467
1795892116,1371467
1571265476,1371467
1517137361,1371467
-666721604,1371467
-1669815502,1371467
-1332960936,1371467
-96683627,3839888
-1457311057,3839888
-1583224718,3839888
29800312,3839888
1870635633,3839888
208616147,3839888
1682776349,87259269
-710184365,87259269
-1053377625,23114783
2022428541,23114783
-978002561,23114783
-717970666,208037086
1683458756,208037086
-1450469362,208037086
430220672,28225506
1663744890,28225506
-2138746393,16468050
703597411,16468356
1872516588,21689783
991923678,16389900
-18766312,16305381
-1079626516,21793206
716592174,21693430
1040219739,15795313
-1553387312,21793609
2092958030,21793609
-693376812,11053830
-693270014,3079842
-1810040962,3079842
258928385,8357846
-1849070418,3079842
143132313,11053830
-347790139,10999234
1116126848,8316564
1711551877,8359184
1134020172,11006923
-294217394,11006923
-1130145611,8359184
-1784581268,11053830
500508686,10999234
-662198518,11055598
-1789838512,11055598
1169768740,10999234
-1189658317,11055598
-419274706,11053830
1129719026,8316564
105436858,8272163
741910623,14871733
59543715,14797495
349007959,14809848
-1774049013,11117739
1875699414,10785560
-88097371,14874783
-1573775420,10785560
1369589447,11178073
-457774256,11236467
-657278065,11117739
-1910397748,11234158
2009898617,14797495
1609990687,14871733
353411925,11178073
-1447210731,14874783
1725373815,14871733
-717935276,11236467
-912882341,14809848
-1893096701,14871733
-859040733,14809848
-1833936440,10785560
591315558,2651868
717692662,1983996
938382637,842530
-1995657106,1994816
1409682589,2005349
162249696,2640999
48502440,2651868
828367332,2640999
157396641,842530
889024524,2652492
-840508631,842530
1538615552,2651868
-1492032107,2004877
1613833580,1994816
-39408615,2005349
-197731510,2638561
-1633968994,2652492
-916312070,2638561
603143590,1983996
-1464410950,997349436
279228340,997349436
903948406,218836997
-549746802,218836997
-915500456,218836997
1702171039,69829210747092
1050662473,170252749626658
1823217459,200453824
1100316159,3589647844488157
892002256,247187485
489385365,6547579828322591
72706982,1109725
1396299512,20716665328213
-735173094,20716665328213
1088651959,1206914
-1226893209,1206914
-1056895774,34765743005757
-928769532,34765743005757
-1642959709,897546259
718221365,897546259
-1217828049,897546259
-383143062,897546259
309129733,897546259
659800532,897546259
1782907499,897546259
-492883168,2329524017
-663780842,897546259
-1960767963,2329524017
-1135739690,2329524017
-532702548,897546259
1625553676,897546259
456805283,897546259
2062993993,2329524017
-1598163974,2329524017
1795365287,1095995480
-924147282,1095995480
-1321524160,2844586303
580439805,2844586303
1858599237,1095995480
-1500711045,2844586303
-821856025,1095995480
-1950745962,1095995480
116864132,1095995480
451511714,1095995480
861846380,1095995480
-421327140,2844586303
1406406689,2844586303
1152613936,2844586303
-1870848491,1095995480
214028059,1095995480
89902685,1095995480
-746886681,1095995480
-780320752,2844586303
-59802668,1095995480
534651131,1095995480
-117440423,250642245
-1754024822,250642245
1378624830,250642245
-759762700,250642245
-1808052839,250642245
2011793977,250642245
-1913410830,650525947
-1501645918,250642245
-1377629113,250642245
1699731845,250642245
1671310347,1497975839666
-453991896,3887900692308
-2030752950,1497975839666
654702799,1497975839666
-117802782,1497975839666
-1468795981,3887900692308
-662676158,1497975839666
56318455,1497975839666
-1784536632,1497975839666
-443478255,3887900692308
1093320164,1497975839666
1038494519,1497975839666
2074577196,3887900692308
-450905644,1497975839666
-842330182,3887900692308
-1025299735,794358497
-867355981,794358497
-1117492280,306059732
1420449339,306059732
1338445218,306059732
-706494220,306059732
-1153038146,306059732
-1837005161,306059732
-1274920446,306059732
1531484853,306059732
1576274939,306059732
78650907,306059732
968078525,4747523114807
-335889247,1829181206393
1760667491,4747523114807
862136342,4747523114807
1822544657,4747523114807
-245404704,1829181206393
590169577,4747523114807
566053093,1829181206393
222833573,1829181206393
1411418478,1829181206393
987632555,1829181206393
962968828,4747523114807
-447597472,1829181206393
-1827832214,1829181206393
-1455329328,4747523114807
1611699487,1829181206393
-578815298,1829181206393
-1034593541,115567
-1673440916,115567
43569877,299947
-1725342227,115567
1924496532,115567
1707218387,299947
1804971922,115567
-71798508,115567
345098853,115567
1203544096,115567
921571621,115567
1850675277,1792649183
-1534647279,690692838
125407746,690692838
1885983586,1792649183
1611158734,1792649183
2002565290,690692838
1096440695,690692838
-940577811,690692838
1924436284,690692838
-925181501,690692838
1781694493,1792649183
576013783,1792649183
551584124,690692838
408962407,1792649183
-1416842487,690692838
1209703983,690692838
1385265951,1792649183
1235001864,1792649183
1452366120,690692838
1164428466,690692838
1761018875,141119
-1913811319,141119
-2101732315,141119
-1499310992,141119
1351151141,141119
1970455122,366266
1172077028,141119
760358220,141119
1565945342,141119
545946350,141119
-2036342044,366266
662607467,141119
610075750,366266
-1423899023,141119
-183444969,141119
1178164086,2189007413
-83659377,2189007413
-1443083713,2189007413
-1539639548,843406366
-2041124239,843406366
239202585,843406366
783835060,843406366
-1628305783,2189007413
-654377966,843406366
1151566901,2189007413
320596747,843406366
-1162035518,843406366
372193500,2189007413
1750711380,843406366
-933343936,843406366
265346324,843406366
1108002501,843406366
-930589843,843406366
387343397,843406366
1847310970,2189007413
1781087815,2189007413
-8178791,843406366
376067444,2189007413
-1283964617,2189007413
1213826281,843406366
57030428,843406366
-480824657,61598271172338056
1595497143,4063418364007
-797045345,1565601354410
-357382717,4063418364007
1161841784,1565601354410
-1322262129,1565601354410
1125645564,4063418364007
-1116736196,4063418364007
1804230026,4063418364007
-890790841,1565601354410
242785237,1565601354410
1049626230,1565601354410
1168793548,1565601354410
1254343165,1565601354410
-1632070672,217492083117816320
11469672,4961848054122
-1358111841,4961848054122
-1574670223,1911758853753
784718790,1911758853753
2023439498,1911758853753
2131349936,4961848054122
1391232024,1911758853753
-127060710,1911758853753
-1425673863,1911758853753
1995484096,1911758853753
72758098,1911758853753
2401146,1911758853753
-305669729,1911758853753
1388315622,1911758853753
-1726590315,1911758853753
2093261632,4961848054122
-2142614973,4961848054122
-1293719212,4961848054122
1925053577,1911758853753
-1819716909,1911758853753
639409775,4961848054122
-2109125187,4961848054122
-1507374968,328530155125531
-1178136424,721873887
-1032322753,1873577590
-1444324909,721873887
2000901361,721873887
-2068151637,1873577590
1380467889,1873577590
1182451927,1873577590
1334823258,721873887
1613399892,721873887
391144314,1873577590
868678796,721873887
-2078985508,1873577590
-1418228573,721873887
-426022404,721873887
17615243,721873887
670761600,1873577590
-582874506,721873887
1740834412,721873887
-1558672986,1147741732871472
1050879220,1147741732871472
1297925193,1147741732871472
-794218188,2287829233
1221639817,881481606
997380180,881481606
-805767939,881481606
1815778452,881481606
-1341609813,881481606
-1520531634,881481606
-300149223,2287829233
-491477857,881481606
698693989,2287829233
-860665757,881481606
1569473680,881481606
133728228,881481606
473667634,881481606
293700603,881481606
-1107783621,2287829233
-608632302,2287829233
826809241,2287829233
-1873835289,2287829233
381713257,2287829233
-1838004664,2287829233
-526905594,881481606
445538839,881481606
174267036,2287829233
-268396318,2287829233
1270405638,881481606
1609012670,881481606
-1201051790,881481606
-1949516336,2287829233
2026448104,11476079983962366
-1068551032,1204784301076
-1181850386,1204784301076
177120977,3126940737974
-1025264063,1204784301076
1118694682,3126940737974
-238596971,3126940737974
-1628668685,1204784301076
-2013873281,1204784301076
199763677,3126940737974
714441021,1204784301076
-332365502,1204784301076
-1362289757,3126940737974
-1223021173,1204784301076
1311272081,1204784301076
-2010041738,3126940737974
815385834,3126940737974
1885474016,1204784301076
187850290,1204784301076
-501314096,34552167441100840
2055144844,34552167441100840
-1386022331,34552167441100840
-528632859,1471164449339
-2100080023,1471164449339
-818571572,3818313407124
490397354,1471164449339
-1958543519,1471164449339
1784660756,3818313407124
862182002,3818313407124
1036679034,1471164449339
-176540920,1471164449339
501016275,3818313407124
-1370619570,1471164449339
-2099388065,1471164449339
-5374989,1471164449339
-1474096601,1471164449339
-1237589430,1471164449339
-175550343,3818313407124
-1956351373,3818313407124
1241807326,3818313407124
-61956153,3818313407124
1960180732,1471164449339
-582754488,3818313407124
-2001150526,1471164449339
693066612,3818313407124
570097215,3818313407124
-1513436658,3818313407124
-1938036993,1471164449339
-1662026978,3818313407124
-1621907213,1471164449339
1013080720,1471164449339
-1278536009,1471164449339
-1416174728,1471164449339
1239509089,63533262942875
602661393,63533262942875
-210777042,555506882
-44148052,555506882
-1531376333,555506882
2095959385,555506882
-1225339535,555506882
422334464,555506882
1516124621,555506882
2019935769,1441782648
66327490,1441782648
-1814906424,1441782648
-850768354,555506882
-1612771170,1441782648
-1369268934,555506882
188648077,555506882
1126580189,1441782648
778600219,555506882
-1487983068,555506882
1698052614,1441782648
667272167,1441782648
796227926,555506882
-806742170,555506882
-615879915,555506882
-1331906870,1441782648
1088457824,1441782648
-1944610747,1441782648
501873170,185075620373030
-520210181,185075620373030
-1688325877,185075620373030
920234494,1760563592
-1746522406,678330532
-1270151318,1760563592
-2045662864,678330532
-386568141,678330532
862008106,678330532
510881368,1760563592
-659837380,678330532
2074819904,1760563592
216097097,678330532
-209460062,678330532
545475422,1760563592
-2114862011,678330532
675222371,678330532
725657330,1760563592
-663992366,1760563592
-743560464,1760563592
2012343819,678330532
857648717,1760563592
453507475,1760563592
834914070,678330532
1713246785,678330532
1307771351,678330532
962997899,678330532
551182984,678330532
471450859,1760563592
1799207357,678330532
1944521757,678330532
1994058879,678330532
-208931342,678330532
69701725,678330532
1583280753,1760563592
965223199,1760563592
615266213,1760563592
-2131551954,678330532
1243439112,678330532
1961232691,1760563592
-493514834,1566525190
-335250575,1566525190
-1734077164,1566525190
1571070915,1566525190
-1788000547,1566525190
471674057,1566525190
1891131258,1566525190
950567328,35412860345
-1438297620,35412860345
780964383,35412860345
898130865,35412860345
-435171515,35412860345
1991245321,35412860345
797981766,35412860345
1603845640,303633
-1707305158,303633
1617599093,1113967
1910302765,1113967
2098262825,1113967
316693633,1113967
2066520955,1113967
-483813573,5743611
-1371031639,5743611
1166781047,5743611
-668578698,46562555
-115824088,46562555
-100834628,46562555
313582790,46562555
757087085,94503
1815125151,94503
-398367932,89881
-979493130,89881
-417909916,89881
-210824179,134616
1668563612,79919
-117229618,79919
717193429,13460
-89944375,1226500576
2043625004,1279759191
453737995,180691592
-81524385,35092097
635461787,466564304
1203795365,35092097
2071185125,35092097
-2014664229,466564304
-786163945,11779448
-1315085281,11779448
-545574435,11779448
1224629657,11779448
-64382553,83453302
-879851815,83453302
-154178714,1673643397
-2099223640,242792616
-1629350898,2321295
831795660,569722578
1507195662,2321295
-1019502572,2321295
-198561268,2321295
1368582776,569722578
-468524842,14383906
1890789098,14383906
-1574721566,14383906
-399269818,1491464140
1194760344,1491464140
85766888,64230316
-369687847,22238954
-1161803807,22238954
255767741,22238954
-853399097,261957388
-1872543053,250126724
1348914463,250126724
-1580804709,250126724
-756026657,261957388
960246627,261957388
1509622023,381153
-184730963,381153
-1903374429,381153
1972969693,381153
-243100683,381153
-1663143372,19898438
1242968024,12798986
1441568310,12798986
1307540642,12798986
-1696540679,222906061
1282889248,52209768
549512398,52209768
-84701776,41991004
447801776,41991004
-228805540,41991004
1819569098,41991004
494767425,24919961
1577867911,21869374
-880125348,5703632
1312253470,5703632
1075022625,208081260
1652955935,467262703
-1674361729,467262703
-688032276,104909756
1377625002,84376269
-1394532474,84376269
2129693233,559470051
84858990,151131205
-40601533,559470051
440877276,151131205
673308488,144991678
390048605,1236193359
-1194449407,1236193359
-884958676,144991678
-1567391569,1236193359
1100676628,81311561
779622905,35581639
19741440,81311561
1292557817,35581639
961525555,28617417
292001725,28617417
-796027082,65396844
1923742602,65396844
658795868,65396844
-2084354573,28617417
-1662308068,65396844
-579721163,48700822
-669676781,45861345
-202225792,11460818
981614082,11460818
1089658746,11460818
-1956650950,4587288
1491270718,4587288
-338330898,9217647
1784774434,9217647
-1801331735,902358935
-2078900016,10298055
-1549911210,10298055
-716972740,10298055
-2067460602,46874057
2071139786,46874057
850216767,681202
-842942675,681202
-193678167,681202
-2120082941,681202
-616013777,681202
-290924413,1754211606
-500181260,13152942
-985175632,13152942
536791266,13152942
-1259182294,13152942
1212137418,13152942
-220067978,83684947
1689754472,83684947
-103711660,83684947
-90972013,870049
-1962285043,870049
2073539735,870049
1225676699,870049
-1777212959,870049
-1709761085,870049
372367669,870049
187379652,75472123
1817257535,904940
2100908777,904940
-1997996088,502679538
1595316426,502679538
-777186541,17464062
1101465105,17464062
-999869147,940300014
-309538486,17472962
1249155100,17472962
-922887570,17472962
1969324763,48395798
149536027,48395798
-806642240,1155224
-789143438,1155224
309133702,1155224
312548534,1155224
-431996170,92967953
-1023215710,92967953
422657892,92967953
997698431,1155812
1403330269,1155812
-23498359,1155812
408548651,1155812
1979867575,61760627
695336259,61760627
-1129093180,45421724
-1857161376,9864272
-1999465392,1002
1616045027,9459566096
1507614097,9459566096
1567321357,4096172
450064917,4096172
-1345636837,1735690072
-2087449445,1735690072
1913344494,1123871876
-976578516,1313067931
1872546382,1313067931
-93679036,1313067931
615978052,1313067931
-1899769008,862348214
-575390550,862348214
1529368438,862348214
-1964823754,862348214
-922166787,280333420
1129300413,280333420
-1148969757,280333420
1684092711,225465120
-2130587993,225465120
330139303,225465120
-644178801,225465120
-1084587578,62182151
1609037028,153618785
1255591685,153618785
1823391444,91741
-229368488,305404
2031199694,305404
-1922145362,5328040
476304822,5328040
-511538331,5328040
-363565966,1473918253
977972934,1270877
1760913822,1270877
1207157215,113694128
1870261982,1270877
-570000861,1270877
1275282777,94280522
-992990571,1270877
2061666400,47525242
1052843534,47525242
59108107,14372561
-119695954,14372561
-21317015,14372561
-905588262,14372561
1964692831,3860539585
-758560622,14372561
-280962069,3860539585
228332563,4084345
1670788057,3346326
-1041998303,4084345
1231437899,3346326
-1241673838,81040719
-1194738009,447564
-1513194986,447564
-342874274,447564
160344288,81040719
1676255878,81040719
-1745135031,563607
1336681025,447564
-2089637248,563607
-1246492718,563607
942495802,104267885
1932910553,447564
1185704502,563607
1567531174,140693047
511378289,140693047
217055135,140693047
877771823,1311057605
235713785,1311057605
1090488612,1311057605
332633132,10308707
2143167428,10308707
2127123829,10308707
1598899852,10308707
1667033944,744097901
-880783849,744097901
1077880255,10308707
-1856078337,10308707
-1740892014,10308707
-1783863501,744097901
1269687434,10308707
-112976504,744097901
-1035355684,991311800
1636164538,991311800
697168387,991311800
455189381,991311800
146190657,65295167562
1558902556,991311800
-893403482,991311800
-872423618,65295167562
-310182543,991311800
1809303218,3160193
1580351563,3160193
1584955981,3160193
89762042,3160193
1392660413,580553
1735493375,580553
1457006545,130688380
1862903562,130688380
-1786846015,580553
1718903158,580553
-1229376250,580553
-386404920,580553
1594209925,580553
1531638761,130688380
-634672552,130688380
-717368561,580553
-1984114234,49324744
1886055300,49324744
-594057079,49324744
-778197851,49324744
-704286810,4166654
-1144498189,251505185
1423969236,251505185
1236411625,4166654
1969508731,4166654
-430733503,4166654
-1066506350,4166654
-1575406739,4166654
-810308367,251505185
-295151460,4166654
1343139694,251505185
673409752,13906938
-314074673,1123529650
1316035531,13906938
-491733915,13906938
48544979,13906938
1656606268,13906938
1522905714,1123529650
1396055790,13906938
-2074882369,13906938
-1095688737,1123529650
-1687109267,13906938
227719209,11944947277
960833132,11944947277
-558455531,11944947277
-773982200,76505599739
825374755,1164045698
-1082717220,1164045698
-985781991,76505599739
-1038411060,1164045698
1839374999,76505599739
716135230,1164045698
-1505377929,1164045698
-748213567,1164045698
-68184733,1164045698
-131730338,1164045698
1780056211,12648657
-1291401863,12648657
-797228512,12648657
-493011822,12648657
-1396209358,1949050
1922600794,1949050
727055488,1949050
-1381846463,406349307
916029806,1949050
-1993854524,1949050
798228321,1949050
-1097305817,406349307
922016213,1949050
-880309608,406349307
-2006106448,406349307
217101389,1949050
-2002307065,75460024
1699930960,75460024
-1069104304,75460024
-470632080,5478550
-1079004307,5478550
1508248437,312372472
-901185214,5478550
631093300,5478550
-1465600169,5478550
796007809,5478550
355112475,312372472
915074204,5478550
-474763107,5478550
-1809328582,312372472
1350951992,312372472
-1584297782,106700331
479474630,6486002
-1027859090,6486002
1012548302,6486002
-1386010247,6486002
1194150712,6486002
-115229734,106700331
2065572656,6486002
-915590147,106700331
1138820989,6486002
637435895,6486002
90580353,5485029
-1626660356,90233458
1129535326,5485029
-934688226,5485029
-223236512,5485029
-64667177,5485029
1395776228,90233458
-273857815,5485029
958658681,5485029
1348583107,90233458
-544632420,5485029
-1935991432,6018328
-576644633,6018328
-1465362261,6018328
-583267724,6018328
1094067212,2227450
561686937,135400
1937853212,135400
-162684563,135400
-1277185605,135400
-813574200,135400
576243429,135400
-821302286,2227450
2036524998,135400
-1464006087,135400
-135935125,2227450
1522415699,2227450
-331388701,5089530
784590034,5089530
-1970018293,5089530
2018323180,114504
-220491408,1883691
-266650641,114504
-318896072,114504
548003363,114504
738043212,114504
-214970811,1883691
1200256381,114504
-245761514,1883691
-900694105,114504
-165624563,1883691
1008508952,114504
-1907808877,29496147
-613110645,29496147
-1322351673,29496147
683895256,485237032
2125906482,29496147
1057829829,485237032
1682660245,29496147
-1296363295,485237032
-236781098,29496147
-2145855347,29496147
-806902444,29496147
645899275,1108724413
-810687406,1108724413
917134059,1108724413
-1509403073,410351263
-19556668,24944059
270109914,24944059
-1938304299,410351263
644737765,24944059
1140698741,24944059
1379977226,410351263
1232646336,24944059
-181833797,24944059
320575525,24944059
63956896,24944059
-459418964,27369322
-186063610,27369322
-1662935087,27369322
254421947,27369322
560510887,10129691
-1177495374,10129691
-1821312573,615754
1602646957,615754
1840278452,615754
-1861654770,10129691
-3563328,615754
-1805356425,615754
814034615,10129691
1233444802,615754
1403438292,615754
2059456664,23145463
-275774126,23145463
1588757357,23145463
626206429,8566394
2084772145,520726
1128269203,520726
720709572,520726
1543439158,520726
1997765833,8566394
1444204498,8566394
655254560,8566394
